,#,filename,line,size
0,1,atlas/atlas-prototype/src/tainting.py,200,276606.6 KiB
1,2,atlas/atlas-prototype/src/cfgexploration.py,183,45485.8 KiB
2,3,atlas/atlas-prototype/src/cfgexploration.py,214,35102.8 KiB
3,4,site-packages/claripy/algorithm/replace.py,75,3827.5 KiB
4,5,claripy/frontend/mixin/constraint_deduplicator_mixin.py,19,3704.3 KiB
5,6,memory_mixins/paged_memory/pages/ultra_page.py,53,3686.6 KiB
6,7,memory_mixins/paged_memory/pages/ultra_page.py,52,3686.6 KiB
7,8,site-packages/claripy/ast/base.py,179,3573.7 KiB
8,9,site-packages/claripy/ast/base.py,199,2950.4 KiB
9,10,site-packages/claripy/ast/base.py,198,2950.4 KiB
10,11,site-packages/claripy/ast/base.py,177,2930.9 KiB
11,12,site-packages/claripy/ast/base.py,206,2389.0 KiB
12,13,python3.13/site-packages/sortedcontainers/sorteddict.py,559,2291.4 KiB
13,14,cpython@3.13.2/lib/python3.13/weakref.py,105,2032.4 KiB
14,15,cpython@3.13.2/lib/python3.13/weakref.py,348,1957.4 KiB
15,16,atlas/atlas-prototype/src/tainting.py,282,1888.1 KiB
16,17,cpython@3.13.2/lib/python3.13/weakref.py,167,1584.4 KiB
17,18,python3.13/site-packages/z3/z3core.py,1885,1515.6 KiB
18,19,cpython@3.13.2/lib/python3.13/weakref.py,117,1479.7 KiB
19,20,site-packages/claripy/ast/base.py,385,1457.1 KiB
20,21,site-packages/claripy/backends/backend.py,218,1280.0 KiB
21,22,site-packages/claripy/frontend/full_frontend.py,43,1185.3 KiB
22,23,python3.13/site-packages/cachetools/__init__.py,282,1154.0 KiB
23,24,python3.13/site-packages/z3/z3.py,1034,1042.7 KiB
24,25,python3.13/site-packages/z3/z3core.py,3049,940.4 KiB
25,26,python3.13/site-packages/z3/z3core.py,1890,747.9 KiB
26,27,python3.13/site-packages/z3/z3core.py,1925,725.5 KiB
27,28,claripy/frontend/mixin/model_cache_mixin.py,266,689.2 KiB
28,29,python3.13/site-packages/z3/z3core.py,1920,626.1 KiB
29,30,site-packages/claripy/ast/base.py,194,623.3 KiB
30,31,site-packages/claripy/ast/base.py,193,623.3 KiB
31,32,python3.13/site-packages/cachetools/__init__.py,82,580.5 KiB
32,33,site-packages/claripy/backends/backend_z3.py,628,546.9 KiB
33,34,memory_mixins/paged_memory/pages/ultra_page.py,35,543.5 KiB
34,35,memory_mixins/paged_memory/pages/ultra_page.py,31,543.5 KiB
35,36,python3.13/site-packages/z3/z3.py,1056,514.2 KiB
36,37,python3.13/site-packages/sortedcontainers/sortedlist.py,353,513.1 KiB
37,38,site-packages/claripy/backends/backend_z3.py,1026,499.3 KiB
38,39,site-packages/claripy/ast/bv.py,228,497.4 KiB
39,40,claripy/frontend/mixin/model_cache_mixin.py,140,493.1 KiB
40,41,site-packages/claripy/frontend/composite_frontend.py,56,476.2 KiB
41,42,cpython@3.13.2/lib/python3.13/weakref.py,118,438.4 KiB
42,43,claripy/frontend/mixin/model_cache_mixin.py,18,426.3 KiB
43,44,claripy/frontend/mixin/model_cache_mixin.py,17,426.3 KiB
44,45,site-packages/claripy/backends/backend_z3.py,827,425.1 KiB
45,46,claripy/frontend/mixin/model_cache_mixin.py,264,423.0 KiB
46,47,python3.13/site-packages/claripy/operations.py,54,416.9 KiB
47,48,storage/memory_mixins/paged_memory/paged_memory_mixin.py,52,413.9 KiB
48,49,site-packages/claripy/backends/backend_z3.py,1015,396.1 KiB
49,50,cpython@3.13.2/lib/python3.13/weakref.py,116,383.9 KiB
50,51,claripy/frontend/mixin/composited_cache_mixin.py,28,374.4 KiB
51,52,python3.13/site-packages/sortedcontainers/sorteddict.py,154,352.1 KiB
52,53,site-packages/claripy/frontend/frontend.py,32,344.2 KiB
53,54,python3.13/site-packages/claripy/simplifications.py,500,326.6 KiB
54,55,atlas/atlas-prototype/src/cfgexploration.py,170,316.0 KiB
55,56,site-packages/claripy/backends/backend_z3.py,496,312.3 KiB
56,57,site-packages/claripy/frontend/constrained_frontend.py,32,295.7 KiB
57,58,site-packages/claripy/algorithm/replace.py,53,267.3 KiB
58,59,atlas/atlas-prototype/src/tainting.py,208,252.7 KiB
59,60,python3.13/site-packages/z3/z3core.py,1851,252.5 KiB
60,61,python3.13/site-packages/z3/z3core.py,2155,244.8 KiB
61,62,site-packages/angr/state_plugins/inspect.py,268,238.1 KiB
62,63,claripy/frontend/mixin/composited_cache_mixin.py,31,237.9 KiB
63,64,claripy/frontend/mixin/model_cache_mixin.py,22,237.5 KiB
64,65,site-packages/angr/state_plugins/solver.py,732,225.1 KiB
65,66,claripy/frontend/mixin/constraint_deduplicator_mixin.py,33,219.0 KiB
66,67,site-packages/claripy/backends/backend_z3.py,624,217.6 KiB
67,68,python3.13/site-packages/z3/z3core.py,1895,209.4 KiB
68,69,angr/storage/memory_mixins/memory_mixin.py,38,207.9 KiB
69,70,site-packages/angr/state_plugins/inspect.py,244,191.1 KiB
70,71,python3.13/site-packages/z3/z3core.py,3691,178.2 KiB
71,72,memory_mixins/paged_memory/pages/cooperation.py,129,176.6 KiB
72,73,site-packages/claripy/backends/backend_z3.py,387,174.2 KiB
73,74,python3.13/site-packages/z3/z3core.py,4049,173.5 KiB
74,75,site-packages/claripy/backends/backend_z3.py,1214,168.9 KiB
75,76,python3.13/site-packages/z3/z3core.py,2145,163.8 KiB
76,77,python3.13/site-packages/sortedcontainers/sortedlist.py,279,155.4 KiB
77,78,python3.13/site-packages/angr/sim_state.py,403,153.8 KiB
78,79,atlas/atlas-prototype/src/tainting.py,137,152.1 KiB
79,80,python3.13/site-packages/z3/z3core.py,2060,150.2 KiB
80,81,site-packages/claripy/ast/base.py,60,144.8 KiB
81,82,site-packages/claripy/backends/backend_z3.py,1029,144.1 KiB
82,83,site-packages/networkx/classes/digraph.py,732,143.6 KiB
83,84,claripy/frontend/mixin/model_cache_mixin.py,142,142.4 KiB
84,85,claripy/frontend/mixin/model_cache_mixin.py,143,142.4 KiB
85,86,claripy/frontend/mixin/model_cache_mixin.py,144,142.4 KiB
86,87,claripy/frontend/mixin/model_cache_mixin.py,146,142.4 KiB
87,88,claripy/frontend/mixin/model_cache_mixin.py,145,142.4 KiB
88,89,site-packages/claripy/ast/bv.py,223,136.2 KiB
89,90,site-packages/angr/state_plugins/inspect.py,250,136.1 KiB
90,91,python3.13/site-packages/angr/sim_state.py,315,133.0 KiB
91,92,site-packages/claripy/backends/backend_z3.py,760,131.5 KiB
92,93,site-packages/claripy/ast/bv.py,227,128.8 KiB
93,94,site-packages/angr/state_plugins/sim_action.py,53,128.7 KiB
94,95,site-packages/claripy/backends/backend_z3.py,622,127.2 KiB
95,96,python3.13/site-packages/pyvex/stmt.py,260,126.0 KiB
96,97,python3.13/site-packages/sortedcontainers/sortedlist.py,196,125.2 KiB
97,98,site-packages/claripy/frontend/composite_frontend.py,139,123.6 KiB
98,99,site-packages/claripy/frontend/composite_frontend.py,419,116.1 KiB
99,100,claripy/frontend/mixin/composited_cache_mixin.py,17,114.6 KiB
100,101,site-packages/claripy/ast/base.py,171,113.6 KiB
101,102,site-packages/claripy/backends/backend_z3.py,1169,112.9 KiB
102,103,storage/memory_mixins/paged_memory/paged_memory_mixin.py,136,109.7 KiB
103,104,python3.13/site-packages/z3/z3core.py,2035,109.4 KiB
104,105,python3.13/site-packages/pyvex/block.py,562,108.0 KiB
105,106,storage/memory_mixins/paged_memory/privileged_mixin.py,23,105.6 KiB
106,107,python3.13/site-packages/z3/z3.py,3569,103.3 KiB
107,108,site-packages/networkx/classes/digraph.py,734,101.8 KiB
108,109,site-packages/elftools/construct/macros.py,414,100.9 KiB
109,110,cpython@3.13.2/lib/python3.13/weakref.py,297,98.0 KiB
110,111,python3.13/site-packages/cle/memory.py,238,97.7 KiB
111,112,site-packages/angr/state_plugins/plugin.py,66,96.2 KiB
112,113,site-packages/elftools/construct/core.py,340,95.5 KiB
113,114,site-packages/networkx/classes/digraph.py,733,93.9 KiB
114,115,cle/backends/elf/elf.py,681,91.5 KiB
115,116,site-packages/angr/state_plugins/sim_event.py,24,90.6 KiB
116,117,site-packages/claripy/frontend/constrained_frontend.py,128,87.7 KiB
117,118,memory_mixins/paged_memory/pages/refcount_mixin.py,18,85.1 KiB
118,119,python3.13/site-packages/sortedcontainers/sorteddict.py,300,82.9 KiB
119,120,python3.13/site-packages/pyvex/expr.py,543,81.5 KiB
120,121,python3.13/site-packages/z3/z3core.py,3289,81.1 KiB
121,122,site-packages/angr/utils/segment_list.py,495,78.2 KiB
122,123,site-packages/networkx/classes/digraph.py,731,76.6 KiB
123,124,site-packages/claripy/frontend/full_frontend.py,100,75.9 KiB
124,125,python3.13/site-packages/z3/z3.py,3684,75.2 KiB
125,126,site-packages/claripy/backends/backend_z3.py,381,72.0 KiB
126,127,memory_mixins/paged_memory/pages/ultra_page.py,54,71.0 KiB
127,128,python3.13/site-packages/pyvex/stmt.py,138,69.6 KiB
128,129,python3.13/site-packages/sortedcontainers/sorteddict.py,178,65.6 KiB
129,130,python3.13/site-packages/sortedcontainers/sorteddict.py,177,65.6 KiB
130,131,python3.13/site-packages/sortedcontainers/sorteddict.py,176,65.6 KiB
131,132,python3.13/site-packages/sortedcontainers/sorteddict.py,175,65.6 KiB
132,133,python3.13/site-packages/sortedcontainers/sorteddict.py,174,65.6 KiB
133,134,python3.13/site-packages/sortedcontainers/sorteddict.py,173,65.6 KiB
134,135,python3.13/site-packages/sortedcontainers/sorteddict.py,172,65.6 KiB
135,136,python3.13/site-packages/sortedcontainers/sorteddict.py,168,65.6 KiB
136,137,python3.13/site-packages/sortedcontainers/sorteddict.py,167,65.6 KiB
137,138,python3.13/site-packages/sortedcontainers/sorteddict.py,166,65.6 KiB
138,139,python3.13/site-packages/sortedcontainers/sorteddict.py,165,65.6 KiB
139,140,python3.13/site-packages/sortedcontainers/sorteddict.py,164,65.6 KiB
140,141,python3.13/site-packages/sortedcontainers/sorteddict.py,163,65.6 KiB
141,142,python3.13/site-packages/sortedcontainers/sorteddict.py,162,65.6 KiB
142,143,angr/storage/memory_mixins/underconstrained_mixin.py,27,64.2 KiB
143,144,python3.13/site-packages/pyvex/expr.py,490,60.3 KiB
144,145,python3.13/site-packages/sortedcontainers/sortedlist.py,167,57.4 KiB
145,146,python3.13/site-packages/sortedcontainers/sortedlist.py,166,57.4 KiB
146,147,python3.13/site-packages/sortedcontainers/sortedlist.py,165,57.4 KiB
147,148,site-packages/angr/misc/picklable_lock.py,14,57.1 KiB
148,149,python3.13/site-packages/z3/z3core.py,2140,56.5 KiB
149,150,site-packages/angr/utils/segment_list.py,63,56.2 KiB
150,151,site-packages/claripy/backends/backend_z3.py,195,55.5 KiB
151,152,python3.13/site-packages/pyvex/block.py,682,49.9 KiB
152,153,angr/analyses/cfg/cfg_fast.py,4686,49.9 KiB
153,154,cpython@3.13.2/lib/python3.13/_weakrefset.py,39,49.5 KiB
154,155,angr/storage/memory_mixins/dirty_addrs_mixin.py,10,46.4 KiB
155,156,site-packages/pycparser/ply/yacc.py,1993,45.4 KiB
156,157,python3.13/site-packages/pyvex/stmt.py,190,44.6 KiB
157,158,python3.13/site-packages/z3/z3core.py,2360,43.2 KiB
158,159,python3.13/site-packages/pyvex/block.py,551,43.1 KiB
159,160,<frozen abc>,123,42.9 KiB
160,161,memory_mixins/paged_memory/pages/history_tracking_mixin.py,43,41.8 KiB
161,162,site-packages/angr/storage/file.py,623,41.4 KiB
162,163,memory_mixins/paged_memory/pages/cooperation.py,126,40.9 KiB
163,164,python3.13/site-packages/angr/sim_state_options.py,97,40.2 KiB
164,165,site-packages/angr/state_plugins/scratch.py,60,40.0 KiB
165,166,site-packages/networkx/classes/digraph.py,483,39.7 KiB
166,167,site-packages/networkx/classes/digraph.py,482,39.7 KiB
167,168,site-packages/networkx/classes/digraph.py,481,39.7 KiB
168,169,site-packages/claripy/frontend/constrained_frontend.py,31,39.4 KiB
169,170,site-packages/claripy/backends/backend_z3.py,1156,39.3 KiB
170,171,python3.13/site-packages/pyvex/expr.py,488,38.5 KiB
171,172,storage/memory_mixins/paged_memory/paged_memory_mixin.py,199,38.2 KiB
172,173,python3.13/site-packages/claripy/operations.py,76,37.2 KiB
173,174,cpython@3.13.2/lib/python3.13/_weakrefset.py,49,37.1 KiB
174,175,cpython@3.13.2/lib/python3.13/_weakrefset.py,38,37.1 KiB
175,176,python3.13/site-packages/claripy/operations.py,42,36.9 KiB
176,177,angr/storage/memory_mixins/convenient_mappings_mixin.py,33,36.7 KiB
177,178,angr/storage/memory_mixins/convenient_mappings_mixin.py,30,36.7 KiB
178,179,python3.13/site-packages/pyvex/expr.py,647,36.6 KiB
179,180,site-packages/angr/state_plugins/sim_action.py,34,36.5 KiB
180,181,claripy/backends/backend_concrete/backend_concrete.py,58,36.1 KiB
181,182,angr/knowledge_plugins/cfg/cfg_model.py,232,35.7 KiB
182,183,site-packages/claripy/backends/backend_z3.py,1023,35.4 KiB
183,184,site-packages/angr/misc/plugins.py,192,34.6 KiB
184,185,claripy/frontend/mixin/model_cache_mixin.py,267,34.0 KiB
185,186,site-packages/claripy/ast/bv.py,276,33.8 KiB
186,187,site-packages/claripy/ast/bv.py,275,33.8 KiB
187,188,site-packages/angr/state_plugins/sim_event.py,18,33.5 KiB
188,189,python3.13/site-packages/z3/z3.py,4080,30.5 KiB
189,190,site-packages/elftools/construct/macros.py,594,29.6 KiB
190,191,site-packages/networkx/classes/digraph.py,729,29.5 KiB
191,192,site-packages/networkx/classes/digraph.py,728,29.5 KiB
192,193,site-packages/networkx/classes/digraph.py,727,29.5 KiB
193,194,site-packages/angr/utils/segment_list.py,101,29.3 KiB
194,195,python3.13/site-packages/sortedcontainers/sortedlist.py,355,28.3 KiB
195,196,site-packages/angr/state_plugins/inspect.py,329,27.2 KiB
196,197,site-packages/cle/backends/backend.py,554,26.5 KiB
197,198,site-packages/elftools/dwarf/structs.py,260,25.9 KiB
198,199,site-packages/angr/state_plugins/scratch.py,157,25.8 KiB
199,200,python3.13/site-packages/angr/sim_state.py,554,25.8 KiB
200,201,python3.13/site-packages/pyvex/const.py,182,25.7 KiB
201,202,site-packages/angr/utils/segment_list.py,169,25.2 KiB
202,203,angr/analyses/cfg/cfg_base.py,436,24.7 KiB
203,204,storage/memory_mixins/paged_memory/paged_memory_mixin.py,96,24.5 KiB
204,205,site-packages/elftools/construct/macros.py,613,24.3 KiB
205,206,site-packages/angr/state_plugins/history.py,181,24.0 KiB
206,207,cle/backends/elf/elf.py,682,23.5 KiB
207,208,python3.13/site-packages/claripy/operations.py,84,23.4 KiB
208,209,site-packages/elftools/construct/macros.py,595,22.5 KiB
209,210,python3.13/site-packages/pyvex/expr.py,491,21.9 KiB
210,211,python3.13/site-packages/claripy/operations.py,45,21.0 KiB
211,212,site-packages/angr/engines/successors.py,600,20.8 KiB
212,213,claripy/backends/backend_concrete/bv.py,70,20.5 KiB
213,214,python3.13/site-packages/pyvex/const.py,177,20.2 KiB
214,215,site-packages/angr/state_plugins/posix.py,209,19.0 KiB
215,216,site-packages/angr/state_plugins/scratch.py,53,18.8 KiB
216,217,python3.13/site-packages/pyvex/expr.py,592,18.5 KiB
217,218,claripy/backends/backend_concrete/backend_concrete.py,116,18.0 KiB
218,219,angr/knowledge_plugins/functions/function.py,974,17.7 KiB
219,220,site-packages/angr/state_plugins/history.py,464,17.1 KiB
220,221,claripy/frontend/mixin/constraint_deduplicator_mixin.py,42,17.0 KiB
221,222,python3.13/site-packages/angr/sim_procedure.py,184,17.0 KiB
222,223,cpython@3.13.2/lib/python3.13/functools.py,1044,16.0 KiB
223,224,python3.13/site-packages/z3/z3core.py,2170,16.0 KiB
224,225,python3.13/site-packages/cle/memory.py,735,15.7 KiB
225,226,site-packages/claripy/ast/base.py,186,15.7 KiB
226,227,site-packages/claripy/ast/bits.py,21,15.0 KiB
227,228,angr/knowledge_plugins/functions/function.py,912,15.0 KiB
228,229,cle/backends/elf/elf.py,434,14.6 KiB
229,230,site-packages/angr/storage/file.py,440,14.3 KiB
230,231,angr/knowledge_plugins/functions/function_manager.py,49,14.1 KiB
231,232,python3.13/site-packages/pyvex/block.py,170,14.0 KiB
232,233,cle/backends/elf/elf.py,446,13.6 KiB
233,234,cle/backends/elf/variable.py,48,13.5 KiB
234,235,site-packages/angr/state_plugins/history.py,51,13.1 KiB
235,236,angr/knowledge_plugins/functions/function.py,940,12.9 KiB
236,237,cpython@3.13.2/lib/python3.13/weakref.py,353,12.7 KiB
237,238,angr/knowledge_plugins/functions/function.py,911,12.7 KiB
238,239,site-packages/elftools/dwarf/structs.py,278,12.4 KiB
239,240,python3.13/site-packages/z3/z3core.py,2150,12.2 KiB
240,241,angr/storage/memory_mixins/address_concretization_mixin.py,69,12.2 KiB
241,242,angr/storage/memory_mixins/address_concretization_mixin.py,68,12.2 KiB
242,243,angr/knowledge_plugins/functions/function.py,916,12.2 KiB
243,244,python3.13/site-packages/pyvex/expr.py,315,11.7 KiB
244,245,site-packages/pycparser/ply/yacc.py,3233,11.4 KiB
245,246,python3.13/site-packages/angr/sim_state.py,295,11.2 KiB
246,247,site-packages/angr/knowledge_plugins/debug_variables.py,63,11.2 KiB
247,248,python3.13/site-packages/archinfo/arch.py,260,11.1 KiB
248,249,python3.13/site-packages/z3/z3.py,3915,11.0 KiB
249,250,python3.13/site-packages/angr/codenode.py,47,10.9 KiB
250,251,angr/knowledge_plugins/cfg/cfg_node.py,336,10.8 KiB
251,252,site-packages/elftools/construct/macros.py,151,10.7 KiB
252,253,memory_mixins/paged_memory/pages/ultra_page.py,40,10.5 KiB
253,254,site-packages/angr/state_plugins/history.py,327,10.5 KiB
254,255,site-packages/elftools/construct/macros.py,157,10.4 KiB
255,256,python3.13/site-packages/archinfo/arch.py,268,10.3 KiB
256,257,site-packages/angr/storage/file.py,1094,10.2 KiB
257,258,site-packages/angr/utils/segment_list.py,103,10.1 KiB
258,259,python3.13/site-packages/sortedcontainers/sortedlist.py,1027,9.8 KiB
259,260,python3.13/site-packages/z3/z3.py,6459,9.7 KiB
260,261,site-packages/elftools/construct/macros.py,160,9.7 KiB
261,262,cpython@3.13.2/lib/python3.13/_weakrefset.py,48,9.6 KiB
262,263,site-packages/angr/storage/file.py,982,9.5 KiB
263,264,angr/engines/vex/lifter.py,190,9.3 KiB
264,265,site-packages/elftools/dwarf/structs.py,384,9.2 KiB
265,266,site-packages/angr/state_plugins/history.py,52,9.2 KiB
266,267,site-packages/claripy/frontend/composite_frontend.py,57,9.1 KiB
267,268,site-packages/elftools/dwarf/lineprogram.py,168,9.1 KiB
268,269,site-packages/claripy/frontend/composite_frontend.py,58,9.0 KiB
269,270,site-packages/claripy/backends/backend_z3.py,1012,9.0 KiB
270,271,angr/knowledge_plugins/cfg/cfg_model.py,231,9.0 KiB
271,272,site-packages/angr/state_plugins/callstack.py,60,9.0 KiB
272,273,site-packages/angr/state_plugins/scratch.py,101,9.0 KiB
273,274,claripy/frontend/mixin/model_cache_mixin.py,41,8.7 KiB
274,275,site-packages/claripy/ast/base.py,172,8.6 KiB
275,276,site-packages/elftools/dwarf/structs.py,189,8.6 KiB
276,277,site-packages/angr/state_plugins/view.py,258,8.6 KiB
277,278,python3.13/site-packages/pyvex/stmt.py,295,8.5 KiB
278,279,angr/knowledge_plugins/functions/function.py,158,8.4 KiB
279,280,angr/knowledge_plugins/functions/function.py,126,8.4 KiB
280,281,angr/knowledge_plugins/functions/function.py,124,8.4 KiB
281,282,angr/knowledge_plugins/functions/function.py,122,8.4 KiB
282,283,angr/knowledge_plugins/functions/function.py,120,8.4 KiB
283,284,site-packages/claripy/backends/backend_z3.py,1189,8.4 KiB
284,285,python3.13/site-packages/archinfo/arch.py,423,8.4 KiB
285,286,python3.13/site-packages/z3/z3core.py,2110,8.4 KiB
286,287,python3.13/site-packages/z3/z3core.py,2025,8.4 KiB
287,288,site-packages/angr/state_plugins/history.py,54,8.2 KiB
288,289,site-packages/claripy/ast/bv.py,267,8.1 KiB
289,290,python3.13/site-packages/claripy/operations.py,37,8.1 KiB
290,291,angr/knowledge_plugins/functions/function.py,1025,8.0 KiB
291,292,site-packages/angr/state_plugins/history.py,53,7.9 KiB
292,293,site-packages/angr/state_plugins/history.py,34,7.9 KiB
293,294,site-packages/angr/state_plugins/history.py,33,7.9 KiB
294,295,site-packages/elftools/construct/macros.py,260,7.8 KiB
295,296,site-packages/cle/backends/backend.py,218,7.7 KiB
296,297,atlas/atlas-prototype/src/cfgexploration.py,207,7.6 KiB
297,298,storage/memory_mixins/paged_memory/paged_memory_mixin.py,196,7.6 KiB
298,299,atlas/atlas-prototype/src/cfgexploration.py,452,7.5 KiB
299,300,site-packages/angr/state_plugins/view.py,106,7.5 KiB
300,301,cle/backends/elf/elf.py,1219,7.4 KiB
301,302,cpython@3.13.2/lib/python3.13/_weakrefset.py,88,7.3 KiB
302,303,storage/memory_mixins/paged_memory/paged_memory_mixin.py,113,7.3 KiB
303,304,site-packages/claripy/frontend/constrained_frontend.py,107,7.2 KiB
304,305,claripy/backends/backend_concrete/bv.py,90,7.2 KiB
305,306,angr/analyses/cfg/cfg_fast.py,2408,7.2 KiB
306,307,site-packages/angr/state_plugins/callstack.py,62,7.2 KiB
307,308,site-packages/angr/knowledge_plugins/debug_variables.py,166,7.0 KiB
308,309,site-packages/elftools/construct/macros.py,575,6.9 KiB
309,310,site-packages/elftools/construct/core.py,351,6.7 KiB
310,311,cpython@3.13.2/lib/python3.13/copy.py,269,6.6 KiB
311,312,python3.13/site-packages/z3/z3core.py,2130,6.5 KiB
312,313,site-packages/elftools/dwarf/structs.py,442,6.4 KiB
313,314,site-packages/elftools/dwarf/structs.py,254,6.4 KiB
314,315,site-packages/elftools/elf/structs.py,131,6.4 KiB
315,316,site-packages/angr/knowledge_plugins/debug_variables.py,28,6.4 KiB
316,317,site-packages/elftools/dwarf/structs.py,432,6.4 KiB
317,318,site-packages/elftools/dwarf/structs.py,261,6.4 KiB
318,319,site-packages/angr/utils/segment_list.py,166,6.3 KiB
319,320,memory_mixins/paged_memory/pages/history_tracking_mixin.py,22,6.3 KiB
320,321,angr/knowledge_plugins/xrefs/xref_manager.py,42,6.1 KiB
321,322,site-packages/angr/engines/successors.py,89,5.9 KiB
322,323,angr/analyses/cfg/cfg_fast.py,2637,5.8 KiB
323,324,site-packages/networkx/classes/multidigraph.py,509,5.8 KiB
324,325,python3.13/site-packages/z3/z3.py,3661,5.8 KiB
325,326,site-packages/elftools/construct/macros.py,415,5.8 KiB
326,327,site-packages/claripy/backends/backend_z3.py,1204,5.8 KiB
327,328,python3.13/site-packages/z3/z3.py,7171,5.6 KiB
328,329,site-packages/angr/state_plugins/scratch.py,85,5.6 KiB
329,330,site-packages/angr/misc/plugins.py,30,5.6 KiB
330,331,python3.13/site-packages/angr/codenode.py,78,5.5 KiB
331,332,site-packages/angr/state_plugins/inspect.py,242,5.5 KiB
332,333,site-packages/angr/state_plugins/posix.py,210,5.4 KiB
333,334,site-packages/angr/state_plugins/filesystem.py,83,5.4 KiB
334,335,site-packages/angr/state_plugins/filesystem.py,82,5.4 KiB
335,336,cle/backends/elf/elf.py,459,5.3 KiB
336,337,site-packages/angr/state_plugins/history.py,323,5.3 KiB
337,338,angr/analyses/cfg/cfg_fast.py,3771,5.3 KiB
338,339,site-packages/elftools/dwarf/structs.py,187,5.2 KiB
339,340,angr/knowledge_plugins/functions/function.py,115,5.1 KiB
340,341,site-packages/elftools/elf/sections.py,144,5.1 KiB
341,342,python3.13/site-packages/claripy/simplifications.py,1153,5.0 KiB
342,343,site-packages/angr/misc/plugins.py,32,4.9 KiB
343,344,angr/storage/memory_mixins/address_concretization_mixin.py,318,4.9 KiB
344,345,cle/backends/elf/elf.py,792,4.9 KiB
345,346,site-packages/angr/state_plugins/posix.py,226,4.8 KiB
346,347,site-packages/angr/state_plugins/filesystem.py,81,4.8 KiB
347,348,python3.13/site-packages/z3/z3core.py,2065,4.8 KiB
348,349,site-packages/angr/state_plugins/libc.py,1228,4.7 KiB
349,350,site-packages/angr/state_plugins/libc.py,1225,4.7 KiB
350,351,site-packages/elftools/construct/macros.py,258,4.7 KiB
351,352,angr/storage/memory_mixins/underconstrained_mixin.py,31,4.6 KiB
352,353,angr/storage/memory_mixins/address_concretization_mixin.py,254,4.6 KiB
353,354,lib/python3.13/logging/__init__.py,1778,4.5 KiB
354,355,site-packages/claripy/backends/backend_z3.py,1199,4.5 KiB
355,356,python3.13/site-packages/pyvex/block.py,652,4.4 KiB
356,357,site-packages/networkx/classes/multidigraph.py,507,4.3 KiB
357,358,python3.13/site-packages/cle/address_translator.py,81,4.3 KiB
358,359,site-packages/elftools/construct/macros.py,154,4.3 KiB
359,360,python3.13/site-packages/claripy/operations.py,44,4.3 KiB
360,361,site-packages/claripy/backends/backend.py,264,4.2 KiB
361,362,python3.13/site-packages/claripy/simplifications.py,520,4.2 KiB
362,363,site-packages/networkx/classes/multidigraph.py,510,4.2 KiB
363,364,site-packages/pycparser/ply/lex.py,224,4.2 KiB
364,365,angr/storage/memory_mixins/size_resolution_mixin.py,31,4.1 KiB
365,366,memory_mixins/paged_memory/pages/ultra_page.py,207,4.1 KiB
366,367,site-packages/angr/state_plugins/inspect.py,334,4.1 KiB
367,368,memory_mixins/paged_memory/pages/ultra_page.py,46,4.1 KiB
368,369,angr/storage/memory_mixins/size_resolution_mixin.py,93,4.0 KiB
369,370,site-packages/elftools/construct/macros.py,610,3.8 KiB
370,371,python3.13/site-packages/z3/z3core.py,2125,3.8 KiB
371,372,python3.13/site-packages/z3/z3core.py,2105,3.8 KiB
372,373,site-packages/networkx/classes/multidigraph.py,511,3.8 KiB
373,374,site-packages/angr/state_plugins/callstack.py,245,3.7 KiB
374,375,cle/backends/elf/variable_type.py,116,3.6 KiB
375,376,engines/vex/heavy/heavy.py,239,3.4 KiB
376,377,site-packages/networkx/classes/graph.py,64,3.4 KiB
377,378,site-packages/networkx/classes/digraph.py,376,3.4 KiB
378,379,site-packages/networkx/classes/digraph.py,373,3.4 KiB
379,380,site-packages/networkx/classes/digraph.py,372,3.4 KiB
380,381,site-packages/networkx/classes/digraph.py,368,3.4 KiB
381,382,site-packages/networkx/classes/digraph.py,367,3.4 KiB
382,383,python3.13/site-packages/angr/sim_state.py,437,3.4 KiB
383,384,angr/engines/vex/lifter.py,254,3.4 KiB
384,385,python3.13/site-packages/angr/sim_state_options.py,339,3.4 KiB
385,386,python3.13/site-packages/z3/z3.py,857,3.4 KiB
386,387,python3.13/site-packages/cffi/model.py,598,3.4 KiB
387,388,angr/storage/memory_mixins/actions_mixin.py,14,3.4 KiB
388,389,python3.13/site-packages/z3/z3core.py,2070,3.4 KiB
389,390,angr/knowledge_plugins/xrefs/xref_manager.py,44,3.3 KiB
390,391,site-packages/angr/utils/segment_list.py,170,3.3 KiB
391,392,python3.13/site-packages/z3/z3.py,3615,3.3 KiB
392,393,site-packages/pycparser/ply/lex.py,320,3.2 KiB
393,394,python3.13/site-packages/angr/sim_type.py,2995,3.2 KiB
394,395,angr/analyses/cfg/cfg_fast.py,844,3.2 KiB
395,396,site-packages/claripy/frontend/composite_frontend.py,414,3.2 KiB
396,397,angr/storage/memory_mixins/bvv_conversion_mixin.py,34,3.2 KiB
397,398,site-packages/elftools/construct/macros.py,246,3.1 KiB
398,399,site-packages/elftools/dwarf/structs.py,186,3.1 KiB
399,400,python3.13/site-packages/archinfo/arch.py,341,3.1 KiB
400,401,site-packages/networkx/classes/reportviews.py,1070,3.0 KiB
401,402,site-packages/networkx/classes/digraph.py,1019,2.9 KiB
402,403,angr/knowledge_plugins/functions/function.py,129,2.8 KiB
403,404,angr/analyses/cfg/cfg_fast.py,1798,2.7 KiB
404,405,site-packages/elftools/dwarf/structs.py,391,2.7 KiB
405,406,cpython@3.13.2/lib/python3.13/copyreg.py,99,2.6 KiB
406,407,site-packages/angr/state_plugins/callstack.py,261,2.6 KiB
407,408,cle/backends/elf/variable.py,58,2.6 KiB
408,409,site-packages/angr/state_plugins/solver.py,98,2.6 KiB
409,410,python3.13/site-packages/z3/z3.py,3871,2.6 KiB
410,411,python3.13/site-packages/z3/z3.py,3839,2.6 KiB
411,412,angr/knowledge_plugins/functions/function.py,160,2.5 KiB
412,413,angr/knowledge_plugins/functions/function.py,157,2.5 KiB
413,414,angr/knowledge_plugins/functions/function.py,156,2.5 KiB
414,415,angr/knowledge_plugins/functions/function.py,153,2.5 KiB
415,416,angr/knowledge_plugins/functions/function.py,131,2.5 KiB
416,417,site-packages/elftools/common/construct_utils.py,86,2.5 KiB
417,418,site-packages/angr/knowledge_plugins/debug_variables.py,212,2.5 KiB
418,419,site-packages/angr/knowledge_plugins/debug_variables.py,211,2.5 KiB
419,420,cle/backends/elf/elf.py,573,2.5 KiB
420,421,python3.13/site-packages/angr/sim_procedure.py,169,2.4 KiB
421,422,site-packages/claripy/frontend/composite_frontend.py,428,2.4 KiB
422,423,site-packages/claripy/backends/backend.py,273,2.4 KiB
423,424,python3.13/site-packages/z3/z3.py,3592,2.3 KiB
424,425,site-packages/networkx/classes/multidigraph.py,508,2.3 KiB
425,426,site-packages/networkx/classes/multidigraph.py,506,2.3 KiB
426,427,python3.13/site-packages/claripy/simplifications.py,649,2.3 KiB
427,428,site-packages/pycparser/ply/lex.py,890,2.2 KiB
428,429,angr/analyses/cfg/cfg_fast.py,3082,2.2 KiB
429,430,python3.13/site-packages/archinfo/arch.py,225,2.2 KiB
430,431,angr/analyses/cfg/cfg_base.py,929,2.2 KiB
431,432,site-packages/elftools/construct/macros.py,257,2.2 KiB
432,433,angr/knowledge_plugins/functions/function.py,223,2.2 KiB
433,434,angr/knowledge_plugins/functions/function.py,170,2.2 KiB
434,435,angr/knowledge_plugins/functions/function.py,168,2.2 KiB
435,436,python3.13/site-packages/pycparser/plyparser.py,42,2.2 KiB
436,437,storage/memory_mixins/paged_memory/stack_allocation_mixin.py,62,2.2 KiB
437,438,atlas/atlas-prototype/src/cfgexploration.py,121,2.1 KiB
438,439,cle/backends/elf/elf.py,438,2.1 KiB
439,440,site-packages/angr/knowledge_plugins/labels.py,27,2.1 KiB
440,441,angr/knowledge_plugins/functions/function_manager.py,153,2.1 KiB
441,442,cle/backends/elf/variable_type.py,85,2.1 KiB
442,443,python3.13/site-packages/archinfo/arch.py,273,2.1 KiB
443,444,memory_mixins/paged_memory/pages/ultra_page.py,85,2.1 KiB
444,445,storage/memory_mixins/paged_memory/stack_allocation_mixin.py,49,2.0 KiB
445,446,python3.13/site-packages/pyvex/stmt.py,561,2.0 KiB
446,447,python3.13/site-packages/angr/knowledge_base.py,106,2.0 KiB
447,448,angr/knowledge_plugins/functions/function_manager.py,368,2.0 KiB
448,449,angr/analyses/cfg/cfg_fast.py,262,2.0 KiB
449,450,angr/analyses/cfg/cfg_base.py,1465,2.0 KiB
450,451,angr/analyses/cfg/cfg_base.py,943,2.0 KiB
451,452,storage/memory_mixins/paged_memory/paged_memory_mixin.py,353,2.0 KiB
452,453,python3.13/site-packages/pyvex/stmt.py,160,2.0 KiB
453,454,<frozen posixpath>,171,1.9 KiB
454,455,python3.13/site-packages/cle/address_translator.py,42,1.9 KiB
455,456,site-packages/claripy/backends/backend.py,272,1.9 KiB
456,457,site-packages/elftools/construct/macros.py,574,1.9 KiB
457,458,claripy/frontend/mixin/model_cache_mixin.py,205,1.9 KiB
458,459,python3.13/site-packages/cffi/model.py,427,1.9 KiB
459,460,site-packages/angr/engines/successors.py,597,1.8 KiB
460,461,cle/backends/elf/variable_type.py,246,1.8 KiB
461,462,site-packages/pycparser/ply/lex.py,483,1.8 KiB
462,463,site-packages/pycparser/ply/lex.py,481,1.8 KiB
463,464,python3.13/site-packages/archinfo/arch.py,274,1.8 KiB
464,465,angr/storage/memory_mixins/clouseau_mixin.py,98,1.6 KiB
465,466,site-packages/elftools/elf/structs.py,530,1.6 KiB
466,467,site-packages/elftools/elf/structs.py,370,1.6 KiB
467,468,site-packages/networkx/classes/digraph.py,421,1.6 KiB
468,469,analyses/cfg/indirect_jump_resolvers/default_resolvers.py,76,1.6 KiB
469,470,python3.13/site-packages/pyvex/block.py,580,1.6 KiB
470,471,python3.13/site-packages/claripy/simplifications.py,827,1.6 KiB
471,472,site-packages/elftools/elf/structs.py,296,1.5 KiB
472,473,python3.13/site-packages/archinfo/arch.py,334,1.5 KiB
473,474,angr/procedures/definitions/__init__.py,474,1.5 KiB
474,475,site-packages/angr/storage/memory_object.py,117,1.5 KiB
475,476,python3.13/site-packages/sortedcontainers/sortedlist.py,1754,1.5 KiB
476,477,site-packages/angr/state_plugins/inspect.py,287,1.5 KiB
477,478,python3.13/site-packages/cle/loader.py,190,1.5 KiB
478,479,cle/backends/elf/elf.py,473,1.5 KiB
479,480,site-packages/angr/knowledge_plugins/labels.py,28,1.5 KiB
480,481,site-packages/elftools/construct/macros.py,392,1.5 KiB
481,482,python3.13/site-packages/pyvex/block.py,573,1.5 KiB
482,483,site-packages/networkx/utils/decorators.py,911,1.4 KiB
483,484,lib/python3.13/re/_compiler.py,764,1.4 KiB
484,485,site-packages/angr/knowledge_plugins/debug_variables.py,57,1.4 KiB
485,486,site-packages/cle/backends/backend.py,190,1.4 KiB
486,487,site-packages/claripy/frontend/frontend.py,87,1.4 KiB
487,488,python3.13/site-packages/claripy/simplifications.py,400,1.4 KiB
488,489,site-packages/cle/backends/backend.py,191,1.3 KiB
489,490,site-packages/angr/simos/simos.py,143,1.3 KiB
490,491,site-packages/cle/backends/region.py,36,1.3 KiB
491,492,site-packages/elftools/construct/macros.py,385,1.3 KiB
492,493,cle/backends/elf/subprogram.py,26,1.3 KiB
493,494,cle/backends/elf/elf.py,591,1.3 KiB
494,495,cpython@3.13.2/lib/python3.13/weakref.py,298,1.3 KiB
495,496,site-packages/elftools/dwarf/structs.py,441,1.3 KiB
496,497,site-packages/elftools/dwarf/structs.py,431,1.3 KiB
497,498,site-packages/angr/storage/file.py,675,1.3 KiB
498,499,python3.13/site-packages/angr/sim_procedure.py,170,1.3 KiB
499,500,site-packages/angr/state_plugins/inspect.py,198,1.3 KiB
500,501,site-packages/elftools/construct/macros.py,248,1.3 KiB
501,502,python3.13/site-packages/pycparser/plyparser.py,45,1.3 KiB
502,503,cle/backends/tls/elf_tls.py,117,1.3 KiB
503,504,python3.13/site-packages/archinfo/arch.py,267,1.3 KiB
504,505,site-packages/elftools/dwarf/structs.py,107,1.3 KiB
505,506,angr/knowledge_plugins/functions/function.py,1098,1.2 KiB
506,507,cle/backends/elf/variable_type.py,285,1.2 KiB
507,508,cle/backends/elf/variable.py,60,1.2 KiB
508,509,site-packages/angr/engines/unicorn.py,41,1.2 KiB
509,510,site-packages/cle/backends/backend.py,307,1.2 KiB
510,511,cle/backends/externs/__init__.py,156,1.2 KiB
511,512,python3.13/site-packages/capstone/__init__.py,634,1.2 KiB
512,513,python3.13/site-packages/sortedcontainers/sortedlist.py,1811,1.2 KiB
513,514,python3.13/site-packages/sortedcontainers/sortedlist.py,1810,1.2 KiB
514,515,cle/backends/elf/subprogram.py,49,1.1 KiB
515,516,site-packages/angr/engines/successors.py,225,1.1 KiB
516,517,angr/knowledge_plugins/cfg/cfg_model.py,553,1.1 KiB
517,518,cle/backends/elf/elf.py,783,1.1 KiB
518,519,cle/backends/elf/elf.py,734,1.1 KiB
519,520,angr/analyses/cfg/cfg_fast.py,3096,1.1 KiB
520,521,site-packages/claripy/ast/bool.py,156,1.1 KiB
521,522,site-packages/elftools/dwarf/structs.py,549,1.1 KiB
522,523,site-packages/elftools/dwarf/structs.py,547,1.1 KiB
523,524,site-packages/elftools/dwarf/structs.py,514,1.1 KiB
524,525,site-packages/elftools/dwarf/structs.py,512,1.1 KiB
525,526,site-packages/elftools/dwarf/structs.py,225,1.1 KiB
526,527,memory_mixins/paged_memory/pages/history_tracking_mixin.py,27,1.1 KiB
527,528,angr/knowledge_plugins/cfg/indirect_jump.py,48,1.1 KiB
528,529,claripy/backends/backend_concrete/bv.py,62,1.0 KiB
529,530,site-packages/claripy/backends/backend.py,240,1.0 KiB
530,531,cpython@3.13.2/lib/python3.13/inspect.py,3059,1.0 KiB
531,532,python3.13/site-packages/pyvex/data_ref.py,55,1.0 KiB
532,533,cpython@3.13.2/lib/python3.13/inspect.py,2395,1.0 KiB
533,534,angr/storage/memory_mixins/address_concretization_mixin.py,91,1.0 KiB
534,535,site-packages/elftools/dwarf/structs.py,519,1.0 KiB
535,536,site-packages/elftools/dwarf/structs.py,518,1.0 KiB
536,537,site-packages/elftools/dwarf/structs.py,517,1.0 KiB
537,538,python3.13/site-packages/z3/z3core.py,2175,1.0 KiB
538,539,site-packages/elftools/dwarf/structs.py,227,1.0 KiB
539,540,angr/knowledge_plugins/xrefs/xref_manager.py,45,1.0 KiB
540,541,site-packages/angr/utils/segment_list.py,533,1.0 KiB
541,542,cle/backends/elf/elf.py,801,1.0 KiB
542,543,python3.13/site-packages/archinfo/arch.py,239,1.0 KiB
543,544,site-packages/elftools/dwarf/structs.py,554,1.0 KiB
544,545,site-packages/elftools/dwarf/structs.py,553,1.0 KiB
545,546,site-packages/elftools/dwarf/structs.py,552,1.0 KiB
546,547,site-packages/elftools/dwarf/structs.py,548,1.0 KiB
547,548,site-packages/elftools/dwarf/structs.py,513,1.0 KiB
548,549,site-packages/elftools/dwarf/structs.py,226,1.0 KiB
549,550,cpython@3.13.2/lib/python3.13/copy.py,152,0.9 KiB
550,551,cle/backends/elf/variable.py,45,0.9 KiB
551,552,cle/backends/elf/elf.py,794,0.9 KiB
552,553,cle/backends/elf/elf.py,506,0.9 KiB
553,554,angr/storage/memory_mixins/address_concretization_mixin.py,126,0.9 KiB
554,555,angr/storage/memory_mixins/address_concretization_mixin.py,96,0.9 KiB
555,556,angr/storage/memory_mixins/convenient_mappings_mixin.py,24,0.9 KiB
556,557,python3.13/site-packages/pycparser/plyparser.py,46,0.9 KiB
557,558,angr/storage/memory_mixins/convenient_mappings_mixin.py,25,0.9 KiB
558,559,angr/storage/memory_mixins/address_concretization_mixin.py,121,0.9 KiB
559,560,python3.13/site-packages/cle/memory.py,239,0.9 KiB
560,561,atlas/atlas-prototype/src/cfgexploration.py,83,0.9 KiB
561,562,python3.13/site-packages/pycparser/c_parser.py,359,0.9 KiB
562,563,engines/vex/light/light.py,33,0.9 KiB
563,564,engines/vex/light/light.py,30,0.9 KiB
564,565,memory_mixins/paged_memory/pages/ultra_page.py,92,0.8 KiB
565,566,site-packages/angr/utils/segment_list.py,531,0.8 KiB
566,567,python3.13/site-packages/pycparser/plyparser.py,50,0.8 KiB
567,568,site-packages/claripy/frontend/full_frontend.py,34,0.8 KiB
568,569,python3.13/site-packages/angr/factory.py,49,0.8 KiB
569,570,site-packages/elftools/dwarf/structs.py,560,0.8 KiB
570,571,site-packages/elftools/dwarf/structs.py,535,0.8 KiB
571,572,site-packages/elftools/dwarf/structs.py,526,0.8 KiB
572,573,site-packages/elftools/dwarf/structs.py,498,0.8 KiB
573,574,memory_mixins/paged_memory/pages/ultra_page.py,150,0.8 KiB
574,575,python3.13/site-packages/bitstring/bitstream.py,349,0.8 KiB
575,576,angr/analyses/cfg/cfg_fast.py,3246,0.8 KiB
576,577,site-packages/claripy/ast/bv.py,75,0.8 KiB
577,578,site-packages/elftools/elf/structs.py,204,0.8 KiB
578,579,site-packages/elftools/elf/structs.py,126,0.8 KiB
579,580,site-packages/elftools/dwarf/structs.py,408,0.8 KiB
580,581,cle/backends/elf/elf.py,709,0.8 KiB
581,582,site-packages/elftools/dwarf/structs.py,488,0.8 KiB
582,583,site-packages/elftools/dwarf/structs.py,469,0.8 KiB
583,584,site-packages/elftools/dwarf/structs.py,466,0.8 KiB
584,585,site-packages/elftools/dwarf/structs.py,465,0.8 KiB
585,586,site-packages/elftools/dwarf/structs.py,453,0.8 KiB
586,587,site-packages/elftools/dwarf/structs.py,449,0.8 KiB
587,588,site-packages/elftools/dwarf/structs.py,419,0.8 KiB
588,589,site-packages/elftools/dwarf/structs.py,378,0.8 KiB
589,590,site-packages/elftools/dwarf/structs.py,262,0.8 KiB
590,591,site-packages/elftools/dwarf/structs.py,238,0.8 KiB
591,592,site-packages/elftools/construct/macros.py,27,0.8 KiB
592,593,site-packages/claripy/frontend/full_frontend.py,116,0.8 KiB
593,594,site-packages/elftools/dwarf/structs.py,182,0.8 KiB
594,595,site-packages/cle/backends/backend.py,376,0.8 KiB
595,596,site-packages/angr/misc/plugins.py,165,0.8 KiB
596,597,atlas/atlas-prototype/src/cfgexploration.py,160,0.8 KiB
597,598,site-packages/elftools/dwarf/structs.py,523,0.8 KiB
598,599,cle/backends/elf/elf.py,1224,0.8 KiB
599,600,cle/backends/elf/elf.py,867,0.8 KiB
600,601,site-packages/elftools/dwarf/structs.py,557,0.7 KiB
601,602,atlas/atlas-prototype/src/cfgexploration.py,138,0.7 KiB
602,603,python3.13/site-packages/archinfo/arch.py,230,0.7 KiB
603,604,python3.13/site-packages/archinfo/arch.py,227,0.7 KiB
604,605,angr/storage/memory_mixins/address_concretization_mixin.py,315,0.7 KiB
605,606,python3.13/site-packages/angr/sim_type.py,775,0.7 KiB
606,607,angr/storage/memory_mixins/actions_mixin.py,64,0.7 KiB
607,608,site-packages/elftools/dwarf/structs.py,551,0.7 KiB
608,609,site-packages/elftools/dwarf/structs.py,529,0.7 KiB
609,610,site-packages/elftools/dwarf/structs.py,516,0.7 KiB
610,611,python3.13/site-packages/angr/sim_procedure.py,158,0.7 KiB
611,612,site-packages/elftools/dwarf/structs.py,532,0.7 KiB
612,613,site-packages/claripy/backends/backend_z3.py,1174,0.7 KiB
613,614,storage/memory_mixins/paged_memory/paged_memory_mixin.py,138,0.7 KiB
614,615,claripy/backends/backend_concrete/bv.py,310,0.7 KiB
615,616,site-packages/claripy/ast/base.py,296,0.7 KiB
616,617,angr/storage/memory_mixins/conditional_store_mixin.py,9,0.7 KiB
617,618,angr/storage/memory_mixins/convenient_mappings_mixin.py,26,0.6 KiB
618,619,angr/storage/memory_mixins/convenient_mappings_mixin.py,23,0.6 KiB
619,620,engines/vex/heavy/actions.py,52,0.6 KiB
620,621,cle/backends/externs/__init__.py,100,0.6 KiB
621,622,cle/backends/elf/variable_type.py,207,0.6 KiB
622,623,python3.13/site-packages/bitstring/dtypes.py,149,0.6 KiB
623,624,site-packages/angr/state_plugins/posix.py,241,0.6 KiB
624,625,site-packages/angr/state_plugins/posix.py,238,0.6 KiB
625,626,site-packages/angr/state_plugins/posix.py,191,0.6 KiB
626,627,site-packages/angr/state_plugins/posix.py,181,0.6 KiB
627,628,site-packages/angr/simos/simos.py,169,0.6 KiB
628,629,site-packages/angr/simos/simos.py,148,0.6 KiB
629,630,lib/python3.13/collections/__init__.py,1008,0.6 KiB
630,631,python3.13/site-packages/archinfo/arch.py,219,0.6 KiB
631,632,angr/analyses/cfg/cfg_base.py,2813,0.6 KiB
632,633,site-packages/elftools/dwarf/structs.py,544,0.6 KiB
633,634,site-packages/elftools/dwarf/structs.py,509,0.6 KiB
634,635,site-packages/elftools/dwarf/structs.py,455,0.6 KiB
635,636,site-packages/elftools/dwarf/structs.py,451,0.6 KiB
636,637,site-packages/elftools/dwarf/structs.py,426,0.6 KiB
637,638,site-packages/elftools/dwarf/structs.py,406,0.6 KiB
638,639,site-packages/elftools/dwarf/structs.py,394,0.6 KiB
639,640,site-packages/elftools/dwarf/structs.py,389,0.6 KiB
640,641,site-packages/elftools/dwarf/structs.py,257,0.6 KiB
641,642,python3.13/site-packages/angr/sim_state.py,217,0.6 KiB
642,643,site-packages/angr/state_plugins/posix.py,173,0.6 KiB
643,644,site-packages/angr/simos/linux.py,263,0.6 KiB
644,645,memory_mixins/paged_memory/pages/ultra_page.py,73,0.6 KiB
645,646,site-packages/angr/state_plugins/posix.py,175,0.6 KiB
646,647,site-packages/elftools/dwarf/structs.py,244,0.6 KiB
647,648,python3.13/site-packages/z3/z3.py,525,0.6 KiB
648,649,site-packages/angr/state_plugins/posix.py,177,0.6 KiB
649,650,site-packages/elftools/dwarf/structs.py,495,0.6 KiB
650,651,site-packages/elftools/dwarf/structs.py,460,0.6 KiB
651,652,claripy/backends/backend_concrete/backend_concrete.py,173,0.6 KiB
652,653,storage/memory_mixins/paged_memory/paged_memory_mixin.py,198,0.6 KiB
653,654,cpython@3.13.2/lib/python3.13/inspect.py,249,0.6 KiB
654,655,site-packages/elftools/dwarf/structs.py,545,0.6 KiB
655,656,site-packages/elftools/dwarf/structs.py,510,0.6 KiB
656,657,site-packages/elftools/dwarf/structs.py,341,0.6 KiB
657,658,site-packages/pycparser/ply/yacc.py,318,0.6 KiB
658,659,cle/backends/elf/elf.py,776,0.6 KiB
659,660,python3.13/site-packages/archinfo/arch_amd64.py,44,0.6 KiB
660,661,python3.13/site-packages/angr/project.py,541,0.6 KiB
661,662,cpython@3.13.2/lib/python3.13/copyreg.py,124,0.5 KiB
662,663,site-packages/angr/state_plugins/callstack.py,41,0.5 KiB
663,664,angr/analyses/cfg/cfg_base.py,433,0.5 KiB
664,665,angr/knowledge_plugins/cfg/cfg_node.py,113,0.5 KiB
665,666,angr/storage/memory_mixins/dirty_addrs_mixin.py,11,0.5 KiB
666,667,site-packages/networkx/utils/decorators.py,906,0.5 KiB
667,668,site-packages/angr/state_plugins/callstack.py,244,0.5 KiB
668,669,site-packages/elftools/dwarf/structs.py,479,0.5 KiB
669,670,site-packages/elftools/dwarf/structs.py,366,0.5 KiB
670,671,site-packages/elftools/dwarf/structs.py,350,0.5 KiB
671,672,site-packages/elftools/dwarf/structs.py,218,0.5 KiB
672,673,python3.13/site-packages/z3/z3.py,7090,0.5 KiB
673,674,site-packages/elftools/elf/structs.py,537,0.5 KiB
674,675,python3.13/site-packages/pycparser/c_parser.py,1290,0.5 KiB
675,676,site-packages/elftools/dwarf/structs.py,528,0.5 KiB
676,677,site-packages/elftools/dwarf/structs.py,522,0.5 KiB
677,678,site-packages/elftools/dwarf/structs.py,490,0.5 KiB
678,679,site-packages/elftools/dwarf/structs.py,379,0.5 KiB
679,680,site-packages/elftools/dwarf/structs.py,358,0.5 KiB
680,681,site-packages/elftools/dwarf/structs.py,267,0.5 KiB
681,682,site-packages/elftools/dwarf/structs.py,259,0.5 KiB
682,683,site-packages/elftools/dwarf/structs.py,253,0.5 KiB
683,684,site-packages/elftools/dwarf/structs.py,235,0.5 KiB
684,685,site-packages/elftools/dwarf/structs.py,212,0.5 KiB
685,686,python3.13/site-packages/z3/z3core.py,2010,0.5 KiB
686,687,claripy/frontend/mixin/model_cache_mixin.py,250,0.5 KiB
687,688,angr/analyses/cfg/cfg_fast.py,263,0.5 KiB
688,689,angr/analyses/cfg/cfg_base.py,2757,0.5 KiB
689,690,angr/analyses/cfg/cfg_base.py,2121,0.5 KiB
690,691,site-packages/cle/backends/regions.py,22,0.5 KiB
691,692,python3.13/site-packages/cffi/model.py,591,0.5 KiB
692,693,angr/analyses/cfg/cfg_fast.py,3574,0.5 KiB
693,694,site-packages/elftools/dwarf/structs.py,556,0.5 KiB
694,695,site-packages/elftools/dwarf/structs.py,440,0.5 KiB
695,696,site-packages/elftools/dwarf/structs.py,430,0.5 KiB
696,697,site-packages/elftools/dwarf/structs.py,376,0.5 KiB
697,698,site-packages/elftools/dwarf/structs.py,273,0.5 KiB
698,699,site-packages/elftools/dwarf/structs.py,224,0.5 KiB
699,700,site-packages/elftools/dwarf/structs.py,207,0.5 KiB
700,701,site-packages/elftools/dwarf/structs.py,201,0.5 KiB
701,702,python3.13/site-packages/pycparser/c_parser.py,426,0.5 KiB
702,703,angr/storage/memory_mixins/address_concretization_mixin.py,266,0.5 KiB
703,704,angr/procedures/definitions/__init__.py,481,0.5 KiB
704,705,angr/procedures/definitions/__init__.py,480,0.5 KiB
705,706,angr/procedures/definitions/__init__.py,479,0.5 KiB
706,707,site-packages/elftools/elf/structs.py,306,0.5 KiB
707,708,angr/procedures/definitions/__init__.py,477,0.5 KiB
708,709,angr/procedures/definitions/__init__.py,107,0.5 KiB
709,710,python3.13/site-packages/angr/sim_procedure.py,517,0.4 KiB
710,711,memory_mixins/paged_memory/pages/ultra_page.py,86,0.4 KiB
711,712,site-packages/cle/backends/region.py,79,0.4 KiB
712,713,site-packages/angr/state_plugins/callstack.py,260,0.4 KiB
713,714,site-packages/elftools/dwarf/structs.py,555,0.4 KiB
714,715,site-packages/elftools/dwarf/structs.py,521,0.4 KiB
715,716,site-packages/elftools/dwarf/structs.py,520,0.4 KiB
716,717,python3.13/site-packages/claripy/operations.py,60,0.4 KiB
717,718,site-packages/elftools/construct/macros.py,497,0.4 KiB
718,719,site-packages/angr/state_plugins/callstack.py,43,0.4 KiB
719,720,cpython@3.13.2/lib/python3.13/inspect.py,2427,0.4 KiB
720,721,site-packages/cle/backends/regions.py,90,0.4 KiB
721,722,python3.13/site-packages/cffi/api.py,851,0.4 KiB
722,723,python3.13/site-packages/cffi/api.py,850,0.4 KiB
723,724,lib/python3.13/logging/__init__.py,1305,0.4 KiB
724,725,python3.13/site-packages/z3/z3core.py,1557,0.4 KiB
725,726,site-packages/cle/backends/backend.py,304,0.4 KiB
726,727,claripy/frontend/mixin/constraint_deduplicator_mixin.py,11,0.4 KiB
727,728,site-packages/claripy/frontend/constrained_frontend.py,20,0.4 KiB
728,729,engines/vex/heavy/actions.py,140,0.4 KiB
729,730,site-packages/elftools/elf/structs.py,379,0.4 KiB
730,731,site-packages/elftools/elf/structs.py,336,0.4 KiB
731,732,angr/knowledge_plugins/functions/function_manager.py,35,0.4 KiB
732,733,site-packages/angr/utils/segment_list.py,116,0.4 KiB
733,734,python3.13/site-packages/bitstring/dtypes.py,336,0.4 KiB
734,735,angr/analyses/cfg/cfg_fast.py,173,0.4 KiB
735,736,cpython@3.13.2/lib/python3.13/copy.py,222,0.4 KiB
736,737,angr/knowledge_plugins/functions/function.py,707,0.4 KiB
737,738,python3.13/site-packages/bitstring/dtypes.py,165,0.4 KiB
738,739,python3.13/site-packages/bitstring/dtypes.py,62,0.4 KiB
739,740,python3.13/site-packages/pycparser/c_lexer.py,65,0.4 KiB
740,741,site-packages/elftools/elf/structs.py,175,0.4 KiB
741,742,python3.13/site-packages/archinfo/arch.py,222,0.4 KiB
742,743,python3.13/site-packages/angr/sim_state_options.py,167,0.4 KiB
743,744,cpython@3.13.2/lib/python3.13/copyreg.py,152,0.4 KiB
744,745,site-packages/cle/backends/regions.py,27,0.4 KiB
745,746,site-packages/claripy/backends/backend_z3.py,340,0.4 KiB
746,747,site-packages/angr/simos/simos.py,51,0.4 KiB
747,748,site-packages/angr/simos/simos.py,49,0.4 KiB
748,749,site-packages/angr/simos/simos.py,46,0.4 KiB
749,750,site-packages/angr/simos/linux.py,59,0.4 KiB
750,751,python3.13/site-packages/angr/project.py,238,0.4 KiB
751,752,angr/analyses/cfg/cfg_fast.py,1352,0.4 KiB
752,753,cpython@3.13.2/lib/python3.13/copy.py,219,0.4 KiB
753,754,site-packages/angr/simos/linux.py,66,0.4 KiB
754,755,site-packages/angr/simos/linux.py,62,0.4 KiB
755,756,site-packages/angr/simos/linux.py,58,0.4 KiB
756,757,site-packages/angr/simos/linux.py,57,0.4 KiB
757,758,site-packages/angr/simos/linux.py,56,0.4 KiB
758,759,angr/analyses/cfg/cfg_base.py,177,0.4 KiB
759,760,angr/analyses/cfg/cfg_base.py,173,0.4 KiB
760,761,site-packages/elftools/dwarf/structs.py,255,0.4 KiB
761,762,site-packages/angr/state_plugins/solver.py,427,0.4 KiB
762,763,site-packages/elftools/construct/macros.py,81,0.4 KiB
763,764,python3.13/site-packages/cffi/model.py,478,0.4 KiB
764,765,site-packages/pycparser/ply/lex.py,326,0.3 KiB
765,766,python3.13/site-packages/pycparser/c_parser.py,339,0.3 KiB
766,767,cle/backends/elf/metaelf.py,156,0.3 KiB
767,768,cpython@3.13.2/lib/python3.13/inspect.py,3061,0.3 KiB
768,769,angr/storage/memory_mixins/convenient_mappings_mixin.py,47,0.3 KiB
769,770,angr/storage/memory_mixins/conditional_store_mixin.py,18,0.3 KiB
770,771,python3.13/site-packages/z3/z3.py,3725,0.3 KiB
771,772,python3.13/site-packages/pycparser/c_parser.py,1179,0.3 KiB
772,773,site-packages/elftools/construct/macros.py,65,0.3 KiB
773,774,site-packages/angr/engines/successors.py,602,0.3 KiB
774,775,site-packages/angr/knowledge_plugins/plugin.py,15,0.3 KiB
775,776,site-packages/claripy/backends/backend.py,178,0.3 KiB
776,777,python3.13/site-packages/cle/memory.py,190,0.3 KiB
777,778,claripy/backends/backend_concrete/backend_concrete.py,70,0.3 KiB
778,779,site-packages/angr/storage/file.py,438,0.3 KiB
779,780,atlas/atlas-prototype/src/main.py,180,0.3 KiB
780,781,python3.13/site-packages/z3/z3.py,256,0.3 KiB
781,782,site-packages/networkx/classes/digraph.py,1204,0.3 KiB
782,783,python3.13/site-packages/cle/loader.py,1007,0.3 KiB
783,784,python3.13/site-packages/cle/loader.py,894,0.3 KiB
784,785,python3.13/site-packages/cle/loader.py,822,0.3 KiB
785,786,python3.13/site-packages/cle/loader.py,333,0.3 KiB
786,787,cle/backends/tls/tls_object.py,47,0.3 KiB
787,788,cle/backends/elf/variable_type.py,150,0.3 KiB
788,789,cle/backends/elf/elf.py,908,0.3 KiB
789,790,cle/backends/elf/elf.py,763,0.3 KiB
790,791,cle/backends/elf/elf.py,140,0.3 KiB
791,792,python3.13/site-packages/claripy/solvers.py,156,0.3 KiB
792,793,site-packages/angr/state_plugins/solver.py,311,0.3 KiB
793,794,site-packages/angr/state_plugins/solver.py,303,0.3 KiB
794,795,python3.13/site-packages/angr/sim_state.py,260,0.3 KiB
795,796,python3.13/site-packages/angr/project.py,290,0.3 KiB
796,797,python3.13/site-packages/angr/project.py,230,0.3 KiB
797,798,python3.13/site-packages/angr/project.py,224,0.3 KiB
798,799,python3.13/site-packages/angr/project.py,147,0.3 KiB
799,800,angr/procedures/definitions/__init__.py,252,0.3 KiB
800,801,python3.13/site-packages/angr/factory.py,79,0.3 KiB
801,802,python3.13/site-packages/angr/factory.py,67,0.3 KiB
802,803,angr/engines/vex/lifter.py,67,0.3 KiB
803,804,angr/analyses/cfg/cfg_fast.py,825,0.3 KiB
804,805,site-packages/angr/analyses/analysis.py,237,0.3 KiB
805,806,cle/backends/externs/__init__.py,199,0.3 KiB
806,807,angr/analyses/cfg/cfg_base.py,695,0.3 KiB
807,808,python3.13/site-packages/cffi/api.py,910,0.3 KiB
808,809,site-packages/cle/backends/backend.py,192,0.3 KiB
809,810,site-packages/cle/backends/backend.py,151,0.3 KiB
810,811,python3.13/site-packages/cle/utils.py,127,0.3 KiB
811,812,site-packages/claripy/backends/backend_z3.py,305,0.3 KiB
812,813,site-packages/elftools/construct/macros.py,335,0.3 KiB
813,814,site-packages/angr/state_plugins/posix.py,189,0.3 KiB
814,815,python3.13/site-packages/pycparser/c_parser.py,77,0.3 KiB
815,816,site-packages/elftools/elf/elffile.py,74,0.3 KiB
816,817,cle/backends/externs/__init__.py,202,0.3 KiB
817,818,python3.13/site-packages/archinfo/arch.py,439,0.3 KiB
818,819,storage/memory_mixins/paged_memory/page_backer_mixins.py,126,0.3 KiB
819,820,python3.13/site-packages/angr/sim_type.py,3079,0.3 KiB
820,821,python3.13/site-packages/angr/sim_state.py,263,0.3 KiB
821,822,angr/knowledge_plugins/functions/function_manager.py,90,0.3 KiB
822,823,angr/analyses/cfg/cfg_base.py,1552,0.3 KiB
823,824,cle/backends/elf/hashtable.py,79,0.3 KiB
824,825,angr/analyses/forward_analysis/forward_analysis.py,86,0.3 KiB
825,826,site-packages/elftools/elf/structs.py,329,0.3 KiB
826,827,site-packages/elftools/elf/structs.py,125,0.3 KiB
827,828,angr/procedures/definitions/__init__.py,473,0.3 KiB
828,829,angr/knowledge_plugins/cfg/cfg_model.py,68,0.3 KiB
829,830,site-packages/pycparser/ply/yacc.py,3291,0.3 KiB
830,831,site-packages/pycparser/ply/lex.py,873,0.3 KiB
831,832,cle/backends/elf/elf.py,1144,0.3 KiB
832,833,site-packages/claripy/frontend/composite_frontend.py,36,0.3 KiB
833,834,angr/analyses/cfg/cfg_fast.py,1420,0.3 KiB
834,835,site-packages/elftools/dwarf/structs.py,306,0.3 KiB
835,836,site-packages/elftools/dwarf/structs.py,283,0.3 KiB
836,837,site-packages/elftools/dwarf/structs.py,102,0.3 KiB
837,838,python3.13/site-packages/claripy/simplifications.py,473,0.3 KiB
838,839,python3.13/site-packages/bitstring/dtypes.py,160,0.3 KiB
839,840,storage/memory_mixins/paged_memory/paged_memory_mixin.py,172,0.3 KiB
840,841,python3.13/site-packages/cffi/model.py,322,0.3 KiB
841,842,memory_mixins/paged_memory/pages/ultra_page.py,65,0.3 KiB
842,843,angr/storage/memory_mixins/slotted_memory.py,85,0.3 KiB
843,844,engines/vex/heavy/actions.py,155,0.3 KiB
844,845,angr/analyses/cfg/cfg_base.py,1406,0.3 KiB
845,846,site-packages/cle/backends/backend.py,243,0.3 KiB
846,847,site-packages/cle/backends/backend.py,239,0.3 KiB
847,848,site-packages/cle/backends/backend.py,221,0.3 KiB
848,849,angr/analyses/cfg/cfg_base.py,696,0.3 KiB
849,850,storage/memory_mixins/paged_memory/paged_memory_mixin.py,188,0.3 KiB
850,851,python3.13/site-packages/sortedcontainers/sortedlist.py,1816,0.3 KiB
851,852,python3.13/site-packages/sortedcontainers/sortedlist.py,1815,0.3 KiB
852,853,python3.13/site-packages/pyvex/expr.py,754,0.3 KiB
853,854,site-packages/elftools/elf/structs.py,450,0.3 KiB
854,855,site-packages/elftools/elf/structs.py,417,0.3 KiB
855,856,site-packages/elftools/elf/structs.py,386,0.3 KiB
856,857,site-packages/elftools/elf/structs.py,305,0.3 KiB
857,858,site-packages/elftools/elf/structs.py,221,0.3 KiB
858,859,site-packages/elftools/elf/structs.py,130,0.3 KiB
859,860,python3.13/site-packages/sortedcontainers/sortedlist.py,283,0.3 KiB
860,861,site-packages/pycparser/ply/lex.py,233,0.3 KiB
861,862,storage/memory_mixins/paged_memory/paged_memory_mixin.py,171,0.3 KiB
862,863,site-packages/claripy/ast/bool.py,72,0.3 KiB
863,864,claripy/frontend/mixin/model_cache_mixin.py,122,0.3 KiB
864,865,python3.13/site-packages/archinfo/arch.py,899,0.3 KiB
865,866,site-packages/networkx/utils/decorators.py,867,0.3 KiB
866,867,python3.13/site-packages/pycparser/c_parser.py,338,0.2 KiB
867,868,site-packages/elftools/dwarf/structs.py,550,0.2 KiB
868,869,site-packages/elftools/dwarf/structs.py,543,0.2 KiB
869,870,site-packages/elftools/dwarf/structs.py,515,0.2 KiB
870,871,site-packages/elftools/dwarf/structs.py,508,0.2 KiB
871,872,site-packages/elftools/dwarf/structs.py,470,0.2 KiB
872,873,site-packages/elftools/dwarf/structs.py,468,0.2 KiB
873,874,site-packages/elftools/dwarf/structs.py,467,0.2 KiB
874,875,site-packages/elftools/dwarf/structs.py,454,0.2 KiB
875,876,site-packages/elftools/dwarf/structs.py,450,0.2 KiB
876,877,site-packages/elftools/dwarf/structs.py,447,0.2 KiB
877,878,site-packages/elftools/dwarf/structs.py,446,0.2 KiB
878,879,site-packages/elftools/dwarf/structs.py,437,0.2 KiB
879,880,site-packages/elftools/dwarf/structs.py,436,0.2 KiB
880,881,site-packages/elftools/dwarf/structs.py,382,0.2 KiB
881,882,site-packages/elftools/dwarf/structs.py,381,0.2 KiB
882,883,site-packages/elftools/dwarf/structs.py,380,0.2 KiB
883,884,site-packages/elftools/dwarf/structs.py,263,0.2 KiB
884,885,site-packages/elftools/dwarf/structs.py,256,0.2 KiB
885,886,site-packages/elftools/dwarf/structs.py,198,0.2 KiB
886,887,site-packages/elftools/dwarf/structs.py,197,0.2 KiB
887,888,site-packages/elftools/construct/macros.py,167,0.2 KiB
888,889,site-packages/elftools/construct/macros.py,164,0.2 KiB
889,890,site-packages/cle/backends/backend.py,246,0.2 KiB
890,891,site-packages/cle/backends/backend.py,202,0.2 KiB
891,892,site-packages/cle/backends/backend.py,198,0.2 KiB
892,893,site-packages/cle/backends/backend.py,194,0.2 KiB
893,894,lib/python3.13/re/__init__.py,339,0.2 KiB
894,895,cpython@3.13.2/lib/python3.13/inspect.py,2418,0.2 KiB
895,896,cpython@3.13.2/lib/python3.13/copy.py,88,0.2 KiB
896,897,python3.13/site-packages/cachetools/__init__.py,252,0.2 KiB
897,898,cpython@3.13.2/lib/python3.13/inspect.py,3024,0.2 KiB
898,899,python3.13/site-packages/z3/z3.py,8402,0.2 KiB
899,900,cle/backends/elf/elf.py,962,0.2 KiB
900,901,claripy/frontend/mixin/model_cache_mixin.py,123,0.2 KiB
901,902,site-packages/elftools/elf/structs.py,419,0.2 KiB
902,903,python3.13/site-packages/archinfo/arch.py,224,0.2 KiB
903,904,claripy/frontend/mixin/model_cache_mixin.py,124,0.2 KiB
904,905,cle/backends/elf/metaelf.py,82,0.2 KiB
905,906,python3.13/site-packages/bitstring/bits.py,124,0.2 KiB
906,907,memory_mixins/paged_memory/pages/permissions_mixin.py,14,0.2 KiB
907,908,angr/analyses/cfg/cfg_fast.py,4903,0.2 KiB
908,909,site-packages/angr/analyses/analysis.py,197,0.2 KiB
909,910,claripy/frontend/mixin/model_cache_mixin.py,125,0.2 KiB
910,911,claripy/frontend/mixin/model_cache_mixin.py,126,0.2 KiB
911,912,site-packages/elftools/dwarf/compileunit.py,169,0.2 KiB
912,913,python3.13/site-packages/cle/utils.py,13,0.2 KiB
913,914,storage/memory_mixins/paged_memory/paged_memory_mixin.py,119,0.2 KiB
914,915,python3.13/site-packages/sortedcontainers/sortedlist.py,1746,0.2 KiB
915,916,python3.13/site-packages/sortedcontainers/sortedlist.py,1745,0.2 KiB
916,917,python3.13/site-packages/sortedcontainers/sortedlist.py,1743,0.2 KiB
917,918,python3.13/site-packages/pycparser/c_parser.py,309,0.2 KiB
918,919,site-packages/elftools/dwarf/structs.py,326,0.2 KiB
919,920,backends/externs/simdata/simdata.py,66,0.2 KiB
920,921,site-packages/cle/backends/backend.py,220,0.2 KiB
921,922,site-packages/cle/backends/backend.py,204,0.2 KiB
922,923,site-packages/cle/backends/backend.py,197,0.2 KiB
923,924,site-packages/cle/backends/backend.py,196,0.2 KiB
924,925,site-packages/cle/backends/backend.py,195,0.2 KiB
925,926,python3.13/site-packages/claripy/simplifications.py,872,0.2 KiB
926,927,claripy/backends/backend_concrete/bv.py,107,0.2 KiB
927,928,python3.13/site-packages/cffi/model.py,323,0.2 KiB
928,929,angr/storage/memory_mixins/size_resolution_mixin.py,50,0.2 KiB
929,930,angr/storage/memory_mixins/address_concretization_mixin.py,310,0.2 KiB
930,931,site-packages/angr/state_plugins/inspect.py,256,0.2 KiB
931,932,cle/backends/elf/metaelf.py,411,0.2 KiB
932,933,cle/backends/elf/elf.py,148,0.2 KiB
933,934,claripy/frontend/mixin/constraint_expansion_mixin.py,22,0.2 KiB
934,935,atlas/atlas-prototype/src/cfgexploration.py,351,0.2 KiB
935,936,atlas/atlas-prototype/src/cfgexploration.py,315,0.2 KiB
936,937,atlas/atlas-prototype/src/cfgexploration.py,279,0.2 KiB
937,938,site-packages/elftools/elf/structs.py,474,0.2 KiB
938,939,site-packages/elftools/elf/structs.py,298,0.2 KiB
939,940,site-packages/elftools/elf/structs.py,120,0.2 KiB
940,941,python3.13/site-packages/cle/loader.py,181,0.2 KiB
941,942,python3.13/site-packages/cle/loader.py,157,0.2 KiB
942,943,cle/backends/elf/elf.py,155,0.2 KiB
943,944,claripy/frontend/mixin/model_cache_mixin.py,120,0.2 KiB
944,945,site-packages/claripy/ast/base.py,343,0.2 KiB
945,946,site-packages/claripy/ast/base.py,255,0.2 KiB
946,947,site-packages/claripy/ast/base.py,252,0.2 KiB
947,948,python3.13/site-packages/archinfo/arch.py,229,0.2 KiB
948,949,angr/procedures/definitions/__init__.py,475,0.2 KiB
949,950,site-packages/angr/knowledge_plugins/indirect_jumps.py,12,0.2 KiB
950,951,angr/knowledge_plugins/functions/function_manager.py,89,0.2 KiB
951,952,engines/vex/heavy/actions.py,110,0.2 KiB
952,953,site-packages/angr/engines/unicorn.py,39,0.2 KiB
953,954,angr/analyses/cfg/cfg_fast.py,1735,0.2 KiB
954,955,angr/analyses/cfg/cfg_fast.py,146,0.2 KiB
955,956,angr/analyses/cfg/cfg_fast.py,145,0.2 KiB
956,957,angr/analyses/cfg/cfg_base.py,939,0.2 KiB
957,958,angr/analyses/cfg/cfg_base.py,309,0.2 KiB
958,959,angr/analyses/cfg/cfg_base.py,141,0.2 KiB
959,960,angr/analyses/cfg/cfg_base.py,127,0.2 KiB
960,961,angr/analyses/cfg/cfg_base.py,126,0.2 KiB
961,962,site-packages/claripy/frontend/composite_frontend.py,45,0.2 KiB
962,963,python3.13/site-packages/pyvex/enums.py,141,0.2 KiB
963,964,python3.13/site-packages/pycparser/c_parser.py,109,0.2 KiB
964,965,site-packages/elftools/elf/structs.py,314,0.2 KiB
965,966,elftools/construct/lib/container.py,41,0.2 KiB
966,967,site-packages/claripy/backends/backend_z3.py,332,0.2 KiB
967,968,python3.13/site-packages/angr/knowledge_base.py,112,0.2 KiB
968,969,site-packages/cle/backends/cartfile.py,78,0.2 KiB
969,970,<frozen posixpath>,443,0.2 KiB
970,971,site-packages/networkx/utils/decorators.py,910,0.2 KiB
971,972,cle/backends/elf/variable_type.py,281,0.2 KiB
972,973,python3.13/site-packages/z3/z3core.py,1552,0.2 KiB
973,974,site-packages/elftools/dwarf/structs.py,559,0.2 KiB
974,975,site-packages/elftools/dwarf/structs.py,546,0.2 KiB
975,976,site-packages/elftools/dwarf/structs.py,541,0.2 KiB
976,977,site-packages/elftools/dwarf/structs.py,536,0.2 KiB
977,978,site-packages/elftools/dwarf/structs.py,533,0.2 KiB
978,979,site-packages/elftools/dwarf/structs.py,525,0.2 KiB
979,980,site-packages/elftools/dwarf/structs.py,511,0.2 KiB
980,981,site-packages/elftools/dwarf/structs.py,504,0.2 KiB
981,982,site-packages/elftools/dwarf/structs.py,499,0.2 KiB
982,983,site-packages/elftools/dwarf/structs.py,496,0.2 KiB
983,984,python3.13/site-packages/cffi/model.py,275,0.2 KiB
984,985,site-packages/networkx/classes/digraph.py,723,0.2 KiB
985,986,site-packages/networkx/classes/digraph.py,722,0.2 KiB
986,987,site-packages/networkx/classes/digraph.py,721,0.2 KiB
987,988,site-packages/elftools/construct/macros.py,457,0.2 KiB
988,989,storage/memory_mixins/paged_memory/paged_memory_mixin.py,41,0.2 KiB
989,990,storage/memory_mixins/paged_memory/paged_memory_mixin.py,37,0.2 KiB
990,991,site-packages/angr/state_plugins/solver.py,1042,0.2 KiB
991,992,cpython@3.13.2/lib/python3.13/functools.py,59,0.2 KiB
992,993,cle/backends/elf/elf.py,590,0.2 KiB
993,994,site-packages/elftools/elf/structs.py,312,0.2 KiB
994,995,site-packages/elftools/elf/structs.py,202,0.2 KiB
995,996,site-packages/elftools/elf/structs.py,132,0.2 KiB
996,997,site-packages/elftools/elf/structs.py,124,0.2 KiB
997,998,site-packages/elftools/elf/structs.py,123,0.2 KiB
998,999,angr/state_plugins/heap/heap_brk.py,54,0.2 KiB
999,1000,memory_mixins/paged_memory/pages/ultra_page.py,44,0.2 KiB
